timestamp,availability,performance,quality,oee,air_pressure_low_ratio,cycle_stop_present,vibration,acoustic_emission,setpressure_cycle_count,setvelo_mean,cyclical_anomaly_score,acoustic_anomaly_score
2026-05-15 09:00:00+00:00,1.0,0.6022075055187638,0.9725333296341968,0.5856668704728673,0.9944812362030904,0.0,9.186690536180106e-06,0.7919194055355261,0.0,0.0,0.0,0.12158545106335358
2026-05-15 09:00:00+00:00,1.0,0.6022075055187638,0.976979222258993,0.5883442203802501,0.9944812362030904,0.0,0.00013906327591202254,0.09581215513600938,0.0,0.02439024390243899,0.0,0.12158545106335358
2026-05-15 09:00:01+00:00,1.0,0.6348,0.9824742220651184,0.6236746361669371,0.913,0.0,1.2911016324317006e-05,0.8938708399385815,0.6315789473684212,0.6039024390243902,0.17140177208713217,0.04910581642688351
2026-05-15 09:00:01+00:00,1.0,0.6348,0.9859230877179715,0.6258639760833684,0.913,0.0,0.00014334625056837706,0.18756844609875856,0.6315789473684212,0.6282926829268293,0.17140177208713217,0.04910581642688351
2026-05-15 09:00:02+00:00,1.0,1.0,0.9712484252158567,0.9712484252158567,0.0,0.0,7.699397154016063e-06,0.7963212678841991,0.44736842105263186,0.6721951219512194,0.11991064387670208,0.1456105997082234
2026-05-15 09:00:02+00:00,1.0,1.0,0.9881804746210004,0.9881804746210004,0.0,0.0,0.00013735288852253222,0.09977383124981376,0.44736842105263186,0.6965853658536585,0.11991064387670208,0.1456105997082234
2026-05-15 09:00:03+00:00,1.0,1.0,0.9848197245773356,0.9848197245773356,0.0,0.0,6.0231614507771924e-06,0.8043630223818123,0.7894736842105265,0.0034146341463414664,0.05401667130607995,0.15585775249945183
2026-05-15 09:00:03+00:00,1.0,1.0,0.9960321686132804,0.9960321686132804,0.0,0.0,0.00013542521746380857,0.10701141029766692,0.7894736842105265,0.027804878048780457,0.05401667130607995,0.15585775249945183
2026-05-15 09:00:04+00:00,1.0,1.0,0.9798958363699836,0.9798958363699836,0.0,0.0,1.7002334919949532e-05,0.8169463510803894,0.39473684210526283,0.9751219512195122,0.06365186895600675,0.0
2026-05-15 09:00:04+00:00,1.0,1.0,0.9880932147201618,0.9880932147201618,0.0,0.0,0.0001480512669533575,0.11833640612638696,0.39473684210526283,0.9995121951219512,0.06365186895600675,0.0
2026-05-15 09:00:05+00:00,1.0,1.0,0.9743357256659814,0.9743357256659814,0.0,0.0,1.4020682195555801e-05,0.8538130569555751,0.3421052631578947,0.2975609756097561,0.12831902457521782,0.03497343739847365
2026-05-15 09:00:05+00:00,1.0,1.0,0.9823771470782104,0.9823771470782104,0.0,0.0,0.0001446223663203026,0.15151644141405107,0.3421052631578947,0.3219512195121951,0.12831902457521782,0.03497343739847365
2026-05-15 09:00:06+00:00,1.0,1.0,0.9731020890316764,0.9731020890316764,0.0,0.0,1.0406942415338715e-05,0.8530703460349311,0.44736842105263186,0.3775609756097561,0.13181520738998795,0.11205176653308821
2026-05-15 09:00:06+00:00,1.0,1.0,0.9812255213022154,0.9812255213022154,0.0,0.0,0.00014046656557305237,0.15084800158547473,0.44736842105263186,0.40195121951219515,0.13181520738998795,0.11205176653308821
2026-05-15 09:00:07+00:00,1.0,1.0,0.9876293371653312,0.9876293371653312,0.0,0.0,1.5308299495790266e-05,0.825251195894138,0.5789473684210522,0.8985365853658537,0.044689785299934,0.08811561358094953
2026-05-15 09:00:07+00:00,1.0,1.0,0.9827764625912052,0.9827764625912052,0.0,0.0,0.00014610312621557377,0.1258107664587591,0.5789473684210522,0.9229268292682926,0.044689785299934,0.08811561358094953
2026-05-15 09:00:08+00:00,1.0,1.0,0.9751177890561066,0.9751177890561066,0.0,0.0,1.20656121240342e-05,0.9204520742307256,0.4210526315789478,0.0,0.019105107530493444,0.10425556052099347
2026-05-15 09:00:08+00:00,1.0,1.0,0.9895579307673992,0.9895579307673992,0.0,0.0,0.00014237403573805609,0.21149155696168798,0.4210526315789478,0.02439024390243899,0.019105107530493444,0.10425556052099347
2026-05-15 09:00:09+00:00,1.0,1.0,0.997753603551304,0.997753603551304,0.0,0.0,1.4555157862267284e-05,0.8353252729034377,0.3157894736842106,0.7521951219512195,0.17240894893099068,0.05918192552068907
2026-05-15 09:00:09+00:00,1.0,1.0,0.9960247189525696,0.9960247189525696,0.0,0.0,0.0001452370133370192,0.13487743576713118,0.3157894736842106,0.7765853658536586,0.17240894893099068,0.05918192552068907
2026-05-15 09:00:10+00:00,1.0,1.0,0.9874318341910118,0.9874318341910118,0.0,0.0,1.632971680406764e-05,0.8004783953232604,0.2631578947368425,0.5239024390243903,0.1353036321001025,0.15256085418177795
2026-05-15 09:00:10+00:00,1.0,1.0,0.9836169064622888,0.9836169064622888,0.0,0.0,0.00014727775612009212,0.10351524594497175,0.2631578947368425,0.5482926829268293,0.1353036321001025,0.15256085418177795
2026-05-15 09:00:11+00:00,1.0,1.0,0.9804060941360452,0.9804060941360452,0.0,0.0,5.689339980204165e-06,0.7586892200204494,0.44736842105263186,0.15121951219512192,0.08350339412385938,0.1470842704680679
2026-05-15 09:00:11+00:00,1.0,1.0,0.9774351868885408,0.9774351868885408,0.0,0.0,0.00013504132277264663,0.06590498817243962,0.44736842105263186,0.1756097560975609,0.08350339412385938,0.1470842704680679
2026-05-15 09:00:12+00:00,1.0,1.0,0.9877274647444424,0.9877274647444424,0.0,0.0,2.2654120574016148e-05,0.8111015079023378,0.47368421052631593,0.975609756097561,0.02889494645861173,0.10872021233653184
2026-05-15 09:00:12+00:00,1.0,1.0,0.9770998708899274,0.9770998708899274,0.0,0.0,0.000154550820455532,0.11307604726614073,0.47368421052631593,1.0,0.02889494645861173,0.10872021233653184
2026-05-15 09:00:13+00:00,1.0,1.0,0.9706841161308908,0.9706841161308908,0.0,0.0,0.0,0.9226549835080755,0.6315789473684212,0.1492682926829268,0.10200645063177649,0.16591964875799906
2026-05-15 09:00:13+00:00,1.0,1.0,0.9923804284073032,0.9923804284073032,0.0,0.0,0.00012849858179541458,0.21347417531130564,0.6315789473684212,0.17365853658536579,0.10200645063177649,0.16591964875799906
2026-05-15 09:00:14+00:00,1.0,1.0,0.9987567763972434,0.9987567763972434,0.0,0.0,3.7460671999053636e-06,0.8958376599705762,1.0,0.5258536585365854,0.1607209802226501,0.1303599831529802
2026-05-15 09:00:14+00:00,1.0,1.0,0.9944970629027172,0.9944970629027172,0.0,0.0,0.0001328065590753038,0.18933858412755455,1.0,0.5502439024390244,0.1607209802226501,0.1303599831529802
2026-05-15 09:00:15+00:00,1.0,1.0,0.984469103108287,0.984469103108287,0.0,0.0,1.879607108904878e-05,0.685461455384405,0.6315789473684212,0.7502439024390244,0.10198897347670952,0.05884512834896491
2026-05-15 09:00:15+00:00,1.0,1.0,0.9731583423956236,0.9731583423956236,0.0,0.0,0.00015011406354782035,0.0,0.6315789473684212,0.7746341463414634,0.10198897347670952,0.05884512834896491
2026-05-15 09:00:16+00:00,1.0,1.0,0.9934820568175086,0.9934820568175086,0.0,0.0,1.675191456153725e-05,0.7996459310681789,0.5526315789473681,0.0,0.04146050858263455,0.12503687918913767
2026-05-15 09:00:16+00:00,1.0,1.0,0.9719967657086552,0.9719967657086552,0.0,0.0,0.00014776328354118345,0.10276602811539615,0.5526315789473681,0.02439024390243899,0.04146050858263455,0.12503687918913767
2026-05-15 09:00:17+00:00,1.0,0.9524,0.9724818999976732,0.926191761557784,0.119,0.0,4.260841278737933e-06,0.759505997762572,0.5,0.9004878048780488,0.12842063674482868,0.05347720208632564
2026-05-15 09:00:17+00:00,1.0,0.9524,0.9878330099126936,0.9408121586408492,0.119,0.0,0.00013339854926596166,0.06664008814035238,0.5,0.9248780487804878,0.12842063674482868,0.05347720208632564
2026-05-15 09:00:18+00:00,1.0,0.6,0.9845997499251448,0.5907598499550868,1.0,0.0,1.3322921326746739e-05,0.7530473645903148,0.6052631578947372,0.375609756097561,0.13608643514459817,0.15250977440749303
2026-05-15 09:00:18+00:00,1.0,0.6,0.9743851973257808,0.5846311183954686,1.0,0.0,0.00014381994132117249,0.0608273182853214,0.6052631578947372,0.4,0.13608643514459817,0.15250977440749303
2026-05-15 09:00:19+00:00,1.0,0.722,0.9847212098306356,0.7109687134977188,0.695,0.0,6.917458195739978e-06,0.8302116756563409,0.5263157894736841,0.2995121951219512,0.11440619876217645,0.1024701303787425
2026-05-15 09:00:19+00:00,1.0,0.722,0.9947399257136902,0.7182022263652843,0.695,0.0,0.0001364536587205122,0.13027519824474432,0.5263157894736841,0.3239024390243902,0.11440619876217645,0.1024701303787425
2026-05-15 09:00:20+00:00,1.0,1.0,0.9981347936492496,0.9981347936492496,0.0,0.0,1.4510451449412055e-05,0.850610138365778,0.5526315789473681,0.9741463414634146,0.007758393906260493,0.09519703143120048
2026-05-15 09:00:20+00:00,1.0,1.0,0.9793100402177222,0.9793100402177222,0.0,0.0,0.00014518560096223813,0.14863381468323578,0.5526315789473681,0.9985365853658537,0.007758393906260493,0.09519703143120048
2026-05-15 09:00:21+00:00,1.0,1.0,0.9871518415712822,0.9871518415712822,0.0,0.0,1.4788210072895231e-05,0.7860683887300359,0.5263157894736841,0.0024390243902439046,0.03434463580932095,0.06845892158326547
2026-05-15 09:00:21+00:00,1.0,1.0,0.9743161579891344,0.9743161579891344,0.0,0.0,0.0001455050233792407,0.0905462400110677,0.5263157894736841,0.02682926829268295,0.03434463580932095,0.06845892158326547
2026-05-15 09:00:22+00:00,1.0,1.0,0.9842046820317086,0.9842046820317086,0.0,0.0,1.2589032914608889e-05,0.8100272207125272,0.6842105263157894,0.6741463414634146,0.176555500012881,0.17105634291637262
2026-05-15 09:00:22+00:00,1.0,1.0,0.9976291141746236,0.9976291141746236,0.0,0.0,0.00014297596964721337,0.11210918879531118,0.6842105263157894,0.6985365853658536,0.176555500012881,0.17105634291637262
2026-05-15 09:00:23+00:00,1.0,1.0,0.9780092698927568,0.9780092698927568,0.0,0.0,1.4524357337324795e-05,0.8245800829889633,0.7894736842105265,0.6019512195121951,0.13203903630308944,0.0968319791725892
2026-05-15 09:00:23+00:00,1.0,1.0,0.9749659516820584,0.9749659516820584,0.0,0.0,0.0001452015927333371,0.1252067648441022,0.7894736842105265,0.6263414634146341,0.13203903630308944,0.0968319791725892
2026-05-15 09:00:24+00:00,1.0,1.0,0.9799470699202766,0.9799470699202766,0.0,0.0,3.6947448487066343e-06,0.8197349297992167,0.8157894736842106,0.07317073170731703,0.06628348763718722,0.08207419962960154
2026-05-15 09:00:24+00:00,1.0,1.0,0.978541602470138,0.978541602470138,0.0,0.0,0.00013274753837142362,0.12084612697332897,0.8157894736842106,0.09756097560975607,0.06628348763718722,0.08207419962960154
2026-05-15 09:00:25+00:00,1.0,1.0,0.985620172074146,0.985620172074146,0.0,0.0,2.0043322850246074e-05,0.8764989042924505,0.6052631578947372,0.975609756097561,0.037881867587077296,0.08618108451220911
2026-05-15 09:00:25+00:00,1.0,1.0,0.9746084018557616,0.9746084018557616,0.0,0.0,0.00015154840307319715,0.17193370401724195,0.6052631578947372,1.0,0.037881867587077296,0.08618108451220911
2026-05-15 09:00:26+00:00,1.0,1.0,0.9831673438091514,0.9831673438091514,0.0,0.0,1.1863066095339466e-05,0.8048962430262927,0.6315789473684212,0.2273170731707317,0.12133162131014835,0.1338527063065661
2026-05-15 09:00:26+00:00,1.0,1.0,0.9734647019099606,0.9734647019099606,0.0,0.0,0.00014214110780505441,0.10749130887769898,0.6315789473684212,0.25170731707317073,0.12133162131014835,0.1338527063065661
2026-05-15 09:00:27+00:00,1.0,0.9064,0.9706483623964098,0.8797956756761058,0.234,0.0,9.601869708282529e-06,0.6890611006487637,0.8421052631578947,0.4478048780487805,0.1461445180258971,0.12485864640438782
2026-05-15 09:00:27+00:00,1.0,0.9064,0.9706344404900932,0.8797830568602204,0.234,0.0,0.00013954073195993814,0.003239680737923578,0.8421052631578947,0.4721951219512195,0.1461445180258971,0.12485864640438782
2026-05-15 09:00:28+00:00,1.0,0.6,0.9947887577258308,0.5968732546354985,1.0,0.0,1.0206990480237776e-05,0.9131231471406132,0.5789473684210522,0.8282926829268293,0.07728660214101615,0.12740750756518343
2026-05-15 09:00:28+00:00,1.0,0.6,0.9716618622749278,0.5829971173649566,1.0,0.0,0.0001402366208476854,0.2048955225805873,0.5789473684210522,0.8526829268292684,0.07728660214101615,0.12740750756518343
2026-05-15 09:00:29+00:00,1.0,0.768,0.996884823155193,0.7656075441831882,0.58,0.0,1.6192450085656947e-05,0.8359634459907177,0.44736842105263186,0.0,0.030769545441156503,0.1283824751002389
2026-05-15 09:00:29+00:00,1.0,0.768,0.9752392441280756,0.748983739490362,0.58,0.0,0.00014711989939392015,0.13545179154568032,0.44736842105263186,0.02439024390243899,0.030769545441156503,0.1283824751002389
2026-05-15 09:00:30+00:00,1.0,0.7112,0.9742074726699584,0.6928563545628744,0.722,0.0,1.3784953779001825e-05,0.7622946375685355,0.5263157894736841,0.822439024390244,0.16040334777716173,0.22059633497550074
2026-05-15 09:00:30+00:00,1.0,0.7112,0.9716014579788153,0.6910029569145335,0.722,0.0,0.00014435127864126623,0.0691498639657171,0.5263157894736841,0.846829268292683,0.16040334777716173,0.22059633497550074
2026-05-15 09:00:31+00:00,1.0,0.6,0.9866210843061716,0.5919726505837029,1.0,0.0,1.1448013780520185e-05,0.8088990222858667,0.47368421052631593,0.45365853658536587,0.13577483553176528,0.08325530378361459
2026-05-15 09:00:31+00:00,1.0,0.6,0.9877343144833292,0.5926405886899975,1.0,0.0,0.00014166379764301337,0.11109381021131437,0.47368421052631593,0.47804878048780486,0.13577483553176528,0.08325530378361459
2026-05-15 09:00:32+00:00,1.0,0.9632,0.9732572722340632,0.93744140461585,0.092,0.0,5.690689892043485e-06,0.8289411787261134,0.6842105263157894,0.22146341463414632,0.09786883266544844,0.07755117112585531
2026-05-15 09:00:32+00:00,1.0,0.9632,0.9904214358039852,0.9539739269663984,0.092,0.0,0.00013504287517126254,0.12913175100753715,0.6842105263157894,0.24585365853658536,0.09786883266544844,0.07755117112585531
2026-05-15 09:00:33+00:00,1.0,1.0,0.9901672027911944,0.9901672027911944,0.0,0.0,8.812941063156732e-06,0.8883746166022846,0.44736842105263186,0.975609756097561,0.01841242611216598,0.06129865019417624
2026-05-15 09:00:33+00:00,1.0,1.0,0.9818089137049608,0.9818089137049608,0.0,0.0,0.00013863346401804435,0.18262184509608836,0.44736842105263186,1.0,0.01841242611216598,0.06129865019417624
2026-05-15 09:00:34+00:00,1.0,1.0,0.9784370135151702,0.9784370135151702,0.0,0.0,7.623586449867622e-06,0.8558933059521054,0.5,0.0790243902439024,0.07904099948634682,0.13836254705964401
2026-05-15 09:00:34+00:00,1.0,1.0,0.9795397329085614,0.9795397329085614,0.0,0.0,0.0001372657062127645,0.15338866551092956,0.5,0.10341463414634139,0.07904099948634682,0.13836254705964401
2026-05-15 09:00:35+00:00,1.0,1.0,0.989782679040757,0.989782679040757,0.0,0.0,1.2369172372253654e-05,0.7413438882034251,0.36842105263157876,0.5960975609756097,0.17085813421528329,0.16601295458995508
2026-05-15 09:00:35+00:00,1.0,1.0,0.9851357871106668,0.9851357871106668,0.0,0.0,0.00014272313002350572,0.05029418953712028,0.36842105263157876,0.6204878048780488,0.17085813421528329,0.16601295458995508
2026-05-15 09:00:36+00:00,1.0,1.0,0.9918098384286064,0.9918098384286064,0.0,0.0,2.229561565567106e-05,0.7613062204258787,0.8157894736842106,0.6799999999999999,0.11812186086190962,0.09901935755297897
2026-05-15 09:00:36+00:00,1.0,1.0,0.9962501482670384,0.9962501482670384,0.0,0.0,0.0001541385397994345,0.06826028853732602,0.8157894736842106,0.704390243902439,0.11812186086190962,0.09901935755297897
2026-05-15 09:00:37+00:00,1.0,1.0,0.9930594247575296,0.9930594247575296,0.0,0.0,1.45015506587213e-05,0.8931238806031772,0.7368421052631575,0.0,0.05175669093647715,0.05987656141557256
2026-05-15 09:00:37+00:00,1.0,1.0,0.9955339488046662,0.9955339488046662,0.0,0.0,0.00014517536505294132,0.1868961826968949,0.7368421052631575,0.02439024390243899,0.05175669093647715,0.05987656141557256
2026-05-15 09:00:38+00:00,1.0,1.0,0.9732322283786768,0.9732322283786768,0.0,0.0,9.038513777130273e-06,0.6930242132750024,0.7368421052631575,0.9707317073170731,0.07356086928935682,0.06072146080408146
2026-05-15 09:00:38+00:00,1.0,1.0,0.9713042518603836,0.9713042518603836,0.0,0.0,0.00013889287263911586,0.0068064821015365595,0.7368421052631575,0.9951219512195122,0.07356086928935682,0.06072146080408146
2026-05-15 09:00:39+00:00,1.0,1.0,0.9974803553541282,0.9974803553541282,0.0,0.0,9.891015189976817e-06,0.7924584304678239,0.36842105263157876,0.3053658536585365,0.1279271891124059,0.14022821364262159
2026-05-15 09:00:39+00:00,1.0,1.0,0.9754449522878956,0.9754449522878956,0.0,0.0,0.00013987324926388676,0.09629727757507656,0.36842105263157876,0.32975609756097557,0.1279271891124059,0.14022821364262159
2026-05-15 09:00:40+00:00,1.0,1.0,0.9769064197268464,0.9769064197268464,0.0,0.0,1.3168939142731606e-05,0.7956609000037025,0.9210526315789478,0.3697560975609756,0.12983858301894885,0.1452226787938009
2026-05-15 09:00:40+00:00,1.0,1.0,0.9771023461331318,0.9771023461331318,0.0,0.0,0.00014364286180955572,0.09917950015736743,0.9210526315789478,0.39414634146341465,0.12983858301894885,0.1452226787938009
2026-05-15 09:00:41+00:00,1.0,1.0,0.9711223766852852,0.9711223766852852,0.0,0.0,1.2504001039082436e-05,0.8595332366690291,0.5789473684210522,0.9063414634146342,0.04389588248266466,0.1344372582082398
2026-05-15 09:00:41+00:00,1.0,1.0,0.9774816272749663,0.9774816272749663,0.0,0.0,0.00014287818299035728,0.15666460315616426,0.5789473684210522,0.9307317073170731,0.04389588248266466,0.1344372582082398
2026-05-15 09:00:42+00:00,1.0,1.0,0.9866455740817444,0.9866455740817444,0.0,0.0,1.5621204078240152e-05,0.8315347154715411,0.47368421052631593,0.0,0.02005652065098039,0.06929005356404089
2026-05-15 09:00:42+00:00,1.0,1.0,0.9871369795522832,0.9871369795522832,0.0,0.0,0.0001464629664853905,0.131465934078423,0.47368421052631593,0.02439024390243899,0.02005652065098039,0.06929005356404089
2026-05-15 09:00:43+00:00,1.0,1.0,0.9811276685158732,0.9811276685158732,0.0,0.0,1.5261798777138754e-05,0.8020782648902394,0.5789473684210522,0.744390243902439,0.1740431779813753,0.11767468278987511
2026-05-15 09:00:43+00:00,1.0,1.0,0.9824878727710956,0.9824878727710956,0.0,0.0,0.00014604965038912297,0.10495512855525035,0.5789473684210522,0.7687804878048781,0.1740431779813753,0.11767468278987511
2026-05-15 09:00:44+00:00,1.0,1.0,0.9948936922939724,0.9948936922939724,0.0,0.0,4.880523009083274e-06,0.8095044017795976,0.6578947368421053,0.5317073170731708,0.13407272861498976,0.11145053191830287
2026-05-15 09:00:44+00:00,1.0,1.0,0.9714776235978276,0.9714776235978276,0.0,0.0,0.00013411118325586146,0.11163865175567356,0.6578947368421053,0.5560975609756097,0.13407272861498976,0.11145053191830287
2026-05-15 09:00:45+00:00,1.0,1.0,0.9942475441619292,0.9942475441619292,0.0,0.0,1.738188293670163e-05,0.7655845934705203,0.6052631578947372,0.14341463414634148,0.08299216848792934,0.11694850042855615
2026-05-15 09:00:45+00:00,1.0,1.0,0.9812084241537872,0.9812084241537872,0.0,0.0,0.00014848774717262172,0.07211082427750526,0.6052631578947372,0.16780487804878047,0.08299216848792934,0.11694850042855615
2026-05-15 09:00:46+00:00,1.0,1.0,0.9795141667846814,0.9795141667846814,0.0,0.0,1.4099176176443065e-05,0.7090563041533375,0.6842105263157894,0.975609756097561,0.03225530639134348,0.15213131304153446
2026-05-15 09:00:46+00:00,1.0,1.0,0.9857125884615292,0.9857125884615292,0.0,0.0,0.0001447126343983256,0.021235363892038173,0.6842105263157894,1.0,0.03225530639134348,0.15213131304153446
2026-05-15 09:00:47+00:00,1.0,1.0,0.9985869818520924,0.9985869818520924,0.0,0.0,1.6015370580155295e-05,0.7638864662348492,0.6052631578947372,0.1570731707317073,0.10184125632432872,0.11721298602219807
2026-05-15 09:00:47+00:00,1.0,1.0,0.9730501570871114,0.9730501570871114,0.0,0.0,0.00014691625796259234,0.07058250976539959,0.6052631578947372,0.18146341463414628,0.10184125632432872,0.11721298602219807
2026-05-15 09:00:48+00:00,1.0,1.0,0.9787275351442036,0.9787275351442036,0.0,0.0,8.285866504489708e-06,0.7519295121228984,0.7368421052631575,0.5180487804878049,0.15862860840544063,0.14175470849807123
2026-05-15 09:00:48+00:00,1.0,1.0,0.9950037566136568,0.9950037566136568,0.0,0.0,0.00013802732827557847,0.059821251064644976,0.7368421052631575,0.5424390243902439,0.15862860840544063,0.14175470849807123
2026-05-15 09:00:49+00:00,1.0,1.0,0.9854517138769514,0.9854517138769514,0.0,0.0,1.7679445287713974e-05,0.7447298714604136,0.7105263157894735,0.7580487804878049,0.10075005536252632,0.10880366986060341
2026-05-15 09:00:49+00:00,1.0,1.0,0.9715588559939532,0.9715588559939532,0.0,0.0,0.00014882994387628503,0.053341574468406705,0.7105263157894735,0.7824390243902439,0.10075005536252632,0.10880366986060341
2026-05-15 09:00:50+00:00,1.0,1.0,0.977678952717028,0.977678952717028,0.0,0.0,4.967657390454543e-05,0.7830036238986988,0.5,0.0,0.04224268428443322,0.1207447332618809
2026-05-15 09:00:50+00:00,1.0,1.0,0.997745256070542,0.997745256070542,0.0,0.0,0.00018562664178563987,0.08778795166286457,0.5,0.02439024390243899,0.04224268428443322,0.1207447332618809
2026-05-15 09:00:51+00:00,1.0,1.0,0.9980813071014688,0.9980813071014688,0.0,0.0,1.4267764759738275e-05,0.7989870892370412,0.6052631578947372,0.8926829268292683,0.13377067723138997,0.13918769429590983
2026-05-15 09:00:51+00:00,1.0,1.0,0.9729733942473964,0.9729733942473964,0.0,0.0,0.00014490651126911264,0.10217307046737378,0.6052631578947372,0.9170731707317074,0.13377067723138997,0.13918769429590983
2026-05-15 09:00:52+00:00,1.0,1.0,0.9749382345274604,0.9749382345274604,0.0,0.0,1.5504548203978258e-05,0.7963603955011544,0.5,0.38341463414634147,0.13455805045549563,0.026620186386239156
2026-05-15 09:00:52+00:00,1.0,1.0,0.9953072485479324,0.9953072485479324,0.0,0.0,0.00014632881222998763,0.09980904610507313,0.5,0.40780487804878046,0.13455805045549563,0.026620186386239156
2026-05-15 09:00:53+00:00,1.0,1.0,0.9713473185817698,0.9713473185817698,0.0,0.0,6.517239967021452e-06,0.7547373196489833,0.5789473684210522,0.29170731707317077,0.11157516095972825,0.08793081013286126
2026-05-15 09:00:53+00:00,1.0,1.0,0.9970795943178284,0.9970795943178284,0.0,0.0,0.0001359934077574883,0.06234827783811969,0.5789473684210522,0.3160975609756097,0.11157516095972825,0.08793081013286126
2026-05-15 09:00:54+00:00,1.0,1.0,0.9830529118000912,0.9830529118000912,0.0,0.0,1.3732795257059773e-05,0.7842851829879249,0.5526315789473681,0.975609756097561,0.01061436976653441,0.07980797565147892
2026-05-15 09:00:54+00:00,1.0,1.0,0.9993871204175976,0.9993871204175976,0.0,0.0,0.00014429129634103163,0.08894135484316656,0.5526315789473681,1.0,0.01061436976653441,0.07980797565147892
2026-05-15 09:00:55+00:00,1.0,1.0,0.9997712669216752,0.9997712669216752,0.0,0.0,1.4579593680566429e-05,0.7021356805116881,0.4210526315789478,0.008780487804878001,0.0409915927598428,0.07072551553388286
2026-05-15 09:00:55+00:00,1.0,1.0,0.9940607764082078,0.9940607764082078,0.0,0.0,0.00014526511452806802,0.015006802614556669,0.4210526315789478,0.03317073170731705,0.0409915927598428,0.07072551553388286
2026-05-15 09:00:56+00:00,1.0,1.0,0.9967503179876472,0.9967503179876472,0.0,0.0,1.8071579072095867e-05,0.7978742347458905,0.6315789473684212,0.6663414634146342,0.17591686376796642,0.09033092932441186
2026-05-15 09:00:56+00:00,1.0,1.0,0.99338432622314,0.99338432622314,0.0,0.0,0.00014928089772832506,0.10117150142533671,0.6315789473684212,0.6907317073170731,0.17591686376796642,0.09033092932441186
2026-05-15 09:00:57+00:00,1.0,1.0,0.9924582405837084,0.9924582405837084,0.0,0.0,5.291161027572611e-06,0.8353697181860236,0.5789473684210522,0.6097560975609756,0.12833936109153116,0.1857387501989629
2026-05-15 09:00:57+00:00,1.0,1.0,0.9892744982798664,0.9892744982798664,0.0,0.0,0.0001345834169771226,0.13491743652145782,0.5789473684210522,0.6341463414634146,0.12833936109153116,0.1857387501989629
2026-05-15 09:00:58+00:00,1.0,1.0,0.9967237747263558,0.9967237747263558,0.0,0.0,1.4047195099436386e-05,0.8391465914763652,0.36842105263157876,0.06536585365853653,0.0666514187213858,0.058492693792038974
2026-05-15 09:00:58+00:00,1.0,1.0,0.9933698906373438,0.9933698906373438,0.0,0.0,0.0001446528561597659,0.13831662248276277,0.36842105263157876,0.08975609756097558,0.0666514187213858,0.058492693792038974
2026-05-15 09:00:59+00:00,1.0,1.0,0.996803399190936,0.996803399190936,0.0,0.0,1.8277558796158462e-05,0.8227138641643954,0.5263157894736841,0.975609756097561,0.03865555538725849,0.1573515225593901
2026-05-15 09:00:59+00:00,1.0,1.0,0.9740365662523944,0.9740365662523944,0.0,0.0,0.00014951777441099556,0.12352716790199114,0.5263157894736841,1.0,0.03865555538725849,0.1573515225593901
2026-05-15 09:01:00+00:00,1.0,1.0,0.9855657508115936,0.9855657508115936,0.0,0.0,0.0029752867508128565,0.8637929174017405,0.6052631578947372,0.23512195121951218,0.12055577584023172,0.822956849091586
2026-05-15 09:01:00+00:00,1.0,1.0,0.9860820410784292,0.9860820410784292,0.0,0.0,0.0035500783452301985,0.1604983158156008,0.6052631578947372,0.25951219512195123,0.12055577584023172,0.822956849091586
2026-05-15 09:01:01+00:00,1.0,1.0,0.9794778715549236,0.9794778715549236,0.0,0.0,0.002932005069146789,0.8278679088987726,0.5526315789473681,0.44,0.14381978187980493,0.8956134679645684
2026-05-15 09:01:01+00:00,1.0,1.0,0.9854266861057124,0.9854266861057124,0.0,0.0,0.0035003044113142232,0.12816580816293133,0.5526315789473681,0.464390243902439,0.14381978187980493,0.8956134679645684
2026-05-15 09:01:02+00:00,1.0,1.0,0.9931603729633296,0.9931603729633296,0.0,0.0,0.002806565126710725,0.736216383988344,0.47368421052631593,0.8360975609756097,0.0735126721084006,0.9224362503708188
2026-05-15 09:01:02+00:00,1.0,1.0,0.9957271643236768,0.9957271643236768,0.0,0.0,0.0033560484775127485,0.04567943574354505,0.47368421052631593,0.8604878048780488,0.0735126721084006,0.9224362503708188
2026-05-15 09:01:03+00:00,1.0,1.0,0.9898498378950328,0.9898498378950328,0.0,0.0,0.0027008065938541655,0.7593294480749666,0.36842105263157876,0.0,0.029886222973295913,0.9452613196260189
2026-05-15 09:01:03+00:00,1.0,1.0,0.9838839809678056,0.9838839809678056,0.0,0.0,0.003234426164727703,0.06648119342150594,0.36842105263157876,0.02439024390243899,0.029886222973295913,0.9452613196260189
2026-05-15 09:01:04+00:00,1.0,1.0,0.9812097318662112,0.9812097318662112,0.0,0.0,0.002767784898686877,0.7508737400678127,0.5263157894736841,0.8146341463414635,0.1621949659559176,0.9519990709932631
2026-05-15 09:01:04+00:00,1.0,1.0,0.9815526848830106,0.9815526848830106,0.0,0.0,0.0033114512152853243,0.05887105621506805,0.5263157894736841,0.8390243902439025,0.1621949659559176,0.9519990709932631
2026-05-15 09:01:05+00:00,1.0,1.0,0.9728340000418454,0.9728340000418454,0.0,0.0,0.002538009583022714,0.7551782778406375,0.5,0.4614634146341463,0.13685438718791557,0.9564253890199017
2026-05-15 09:01:05+00:00,1.0,1.0,0.9891868981371132,0.9891868981371132,0.0,0.0,0.0030472096022715325,0.06274514021061073,0.5,0.48585365853658535,0.13685438718791557,0.9564253890199017
2026-05-15 09:01:06+00:00,1.0,1.0,0.9924036883404708,0.9924036883404708,0.0,0.0,0.0025980750211924376,0.8141037622393785,0.6052631578947372,0.21365853658536582,0.09611374303230477,0.8948674872091422
2026-05-15 09:01:06+00:00,1.0,1.0,0.9779938995250254,0.9779938995250254,0.0,0.0,0.003116284856166717,0.11577807616947489,0.6052631578947372,0.23804878048780484,0.09611374303230477,0.8948674872091422
2026-05-15 09:01:07+00:00,1.0,1.0,0.977873815477686,0.977873815477686,0.0,0.0,0.0026058992571227116,0.8042069366015934,0.5,0.975609756097561,0.02069953163944753,0.8887429866386991
2026-05-15 09:01:07+00:00,1.0,1.0,0.9741930523286186,0.9741930523286186,0.0,0.0,0.003125282727486533,0.10687093309547002,0.5,1.0,0.02069953163944753,0.8887429866386991
2026-05-15 09:01:08+00:00,1.0,1.0,0.9981043945160132,0.9981043945160132,0.0,0.0,0.0024108899219372776,0.8007128287094547,0.5,0.08682926829268289,0.08210763626949114,0.9599088846113863
2026-05-15 09:01:08+00:00,1.0,1.0,0.9843363182207124,0.9843363182207124,0.0,0.0,0.002901021992023284,0.10372623599254371,0.5,0.11121951219512188,0.08210763626949114,0.9599088846113863
2026-05-15 09:01:09+00:00,1.0,1.0,0.9772291172501704,0.9772291172501704,0.0,0.0,0.002599059209416817,0.7376464972272405,0.4210526315789478,0.5882926829268292,0.16892658695950968,0.9033524936716786
2026-05-15 09:01:09+00:00,1.0,1.0,0.9825066810578466,0.9825066810578466,0.0,0.0,0.0031174166726247515,0.046966537658551744,0.4210526315789478,0.6126829268292683,0.16892658695950968,0.9033524936716786
2026-05-15 09:01:10+00:00,1.0,1.0,0.9736827379723444,0.9736827379723444,0.0,0.0,0.002495041465668372,0.7511196886769804,0.6578947368421053,0.6878048780487804,0.11587970026637293,0.844904109842578
2026-05-15 09:01:10+00:00,1.0,1.0,0.9769770982158662,0.9769770982158662,0.0,0.0,0.002997796267314041,0.05909240996331633,0.6578947368421053,0.7121951219512195,0.11587970026637293,0.844904109842578
2026-05-15 09:01:11+00:00,1.0,1.0,0.9949333801637472,0.9949333801637472,0.0,0.0,0.002369013598460933,0.7810385878098494,0.3421052631578947,0.0,0.05020140845995907,0.8525794473261861
2026-05-15 09:01:11+00:00,1.0,1.0,0.9810253543034538,0.9810253543034538,0.0,0.0,0.0028528642200254866,0.08601941918290024,0.3421052631578947,0.02439024390243899,0.05020140845995907,0.8525794473261861
2026-05-15 09:01:12+00:00,1.0,1.0,0.9745985294987348,0.9745985294987348,0.0,0.0,0.002437011868687712,0.7559651562265302,0.5526315789473681,0.9629268292682926,0.08212055155451778,0.8641051882235022
2026-05-15 09:01:12+00:00,1.0,1.0,0.9809917734947874,0.9809917734947874,0.0,0.0,0.002931062230786284,0.06345333075791348,0.5526315789473681,0.9873170731707317,0.08212055155451778,0.8641051882235022
2026-05-15 09:01:13+00:00,1.0,1.0,0.975378049244732,0.975378049244732,0.0,0.0,0.002317857173940448,0.7449225492549925,0.5,0.313170731707317,0.13008579961967132,0.9404608841275763
2026-05-15 09:01:13+00:00,1.0,1.0,0.9798248669323764,0.9798248669323764,0.0,0.0,0.00279403433182693,0.05351498448353009,0.5,0.33756097560975606,0.13008579961967132,0.9404608841275763
2026-05-15 09:01:14+00:00,1.0,1.0,0.9879814837456252,0.9879814837456252,0.0,0.0,0.0022521319956607657,0.8058846825343222,0.8157894736842106,0.3619512195121951,0.1282898536357849,0.9213406036971219
2026-05-15 09:01:14+00:00,1.0,1.0,0.9813839223918078,0.9813839223918078,0.0,0.0,0.002718450376805296,0.10838090443492465,0.8157894736842106,0.38634146341463416,0.1282898536357849,0.9213406036971219
2026-05-15 09:01:15+00:00,1.0,1.0,0.996236861225124,0.996236861225124,0.0,0.0,0.0021725174812547783,0.7339530939769574,0.47368421052631593,0.9141463414634147,0.03741906209465793,0.9508811152138497
2026-05-15 09:01:15+00:00,1.0,1.0,0.9905723003636784,0.9905723003636784,0.0,0.0,0.0026268936852384085,0.04364247473329819,0.47368421052631593,0.9385365853658536,0.03741906209465793,0.9508811152138497
2026-05-15 09:01:16+00:00,1.0,1.0,0.9758930399714372,0.9758930399714372,0.0,0.0,0.0021006644465045446,0.7015395157892019,0.5526315789473681,0.0,0.018013827355843913,0.8906348369087838
2026-05-15 09:01:16+00:00,1.0,1.0,0.9789062942371384,0.9789062942371384,0.0,0.0,0.002544262695275642,0.014470254364318258,0.5526315789473681,0.02439024390243899,0.018013827355843913,0.8906348369087838
2026-05-15 09:01:17+00:00,1.0,1.0,0.9793097101870027,0.9793097101870027,0.0,0.0,0.0021663373945787347,0.7856574568369075,0.6842105263157894,0.7365853658536585,0.1754124894245513,0.9222091487564692
2026-05-15 09:01:17+00:00,1.0,1.0,0.9984657378014602,0.9984657378014602,0.0,0.0,0.0026197865855609585,0.09017640130725102,0.6842105263157894,0.7609756097560976,0.1754124894245513,0.9222091487564692
2026-05-15 09:01:18+00:00,1.0,1.0,0.9933221451472352,0.9933221451472352,0.0,0.0,0.0020346014384791944,0.7870696004113462,0.4210526315789478,0.5395121951219513,0.13484955800473006,0.9473832652477641
2026-05-15 09:01:18+00:00,1.0,1.0,0.9974904405861452,0.9974904405861452,0.0,0.0,0.0024682902360464855,0.0914473305242458,0.4210526315789478,0.5639024390243903,0.13484955800473006,0.9473832652477641
2026-05-15 09:01:19+00:00,1.0,1.0,0.999154792781829,0.999154792781829,0.0,0.0,0.0019832006468269137,0.7961454293439072,0.4210526315789478,0.13560975609756099,0.0814452233317137,0.8969899971614574
2026-05-15 09:01:19+00:00,1.0,1.0,0.9844273128490024,0.9844273128490024,0.0,0.0,0.002409179325646367,0.09961557656355247,0.4210526315789478,0.15999999999999998,0.0814452233317137,0.8969899971614574
2026-05-15 09:01:20+00:00,1.0,1.0,0.9850222355860704,0.9850222355860704,0.0,0.0,0.0020188367145712403,0.7490859110986312,0.5,0.975609756097561,0.8555472738528949,0.938284098098122
2026-05-15 09:01:20+00:00,1.0,1.0,0.9798508361501408,0.9798508361501408,0.0,0.0,0.002450160803552339,0.05726201014280363,0.5,1.0,0.8555472738528949,0.938284098098122
2026-05-15 09:01:21+00:00,1.0,1.0,0.9743169250765374,0.9743169250765374,0.0,0.0,0.0019152419258342095,0.8333176530292086,0.7894736842105265,0.16487804878048778,0.930027804169615,0.877985904314595
2026-05-15 09:01:21+00:00,1.0,1.0,0.9860630436949,0.9860630436949,0.0,0.0,0.0023310267965047536,0.1330705778803214,0.7894736842105265,0.18926829268292678,0.930027804169615,0.877985904314595
2026-05-15 09:01:22+00:00,1.0,1.0,0.970418088631246,0.970418088631246,0.0,0.0,0.0018969118191773603,0.8256233298826192,0.8157894736842106,0.5102439024390244,0.9805559841597856,0.8940951637085202
2026-05-15 09:01:22+00:00,1.0,1.0,0.9954568146632088,0.9954568146632088,0.0,0.0,0.002309947173849375,0.12614568704839257,0.8157894736842106,0.5346341463414634,0.9805559841597856,0.8940951637085202
2026-05-15 09:01:23+00:00,1.0,1.0,0.9768896808999656,0.9768896808999656,0.0,0.0,0.0018767007532963305,0.8611347764814488,0.7631578947368425,0.7658536585365854,0.9268626619995093,0.8930880902072866
2026-05-15 09:01:23+00:00,1.0,1.0,0.9895776202168032,0.9895776202168032,0.0,0.0,0.0022867044480861937,0.1581059889873373,0.7631578947368425,0.7902439024390244,0.9268626619995093,0.8930880902072866
2026-05-15 09:01:24+00:00,1.0,1.0,0.9739546665335956,0.9739546665335956,0.0,0.0,0.869453479494091,0.901376632255217,0.7368421052631575,0.0,0.8635620575041117,0.8492078600663817
2026-05-15 09:01:24+00:00,1.0,1.0,0.9941317548384124,0.9941317548384124,0.0,0.0,1.0,0.19432365918372785,0.7368421052631575,0.02439024390243899,0.8635620575041117,0.8492078600663817
2026-05-15 09:01:25+00:00,1.0,1.0,0.9903297602083856,0.9903297602083856,0.0,0.0,0.19299309255393318,0.8252838539053711,0.7894736842105265,0.8848780487804878,0.9614518566773069,0.9399117349136477
2026-05-15 09:01:25+00:00,1.0,1.0,0.9859816682819722,0.9859816682819722,0.0,0.0,0.2220705550188186,0.1258401586688711,0.7894736842105265,0.9092682926829269,0.9614518566773069,0.9399117349136477
2026-05-15 09:01:26+00:00,1.0,1.0,0.973654975138856,0.973654975138856,0.0,0.0,0.004026373315031025,0.8129824785151207,0.39473684210526283,0.39121951219512197,0.9589080650965545,0.8883629608642929
2026-05-15 09:01:26+00:00,1.0,1.0,0.9889875288780284,0.9889875288780284,0.0,0.0,0.004758827894081093,0.11476892081764323,0.39473684210526283,0.41560975609756096,0.9589080650965545,0.8883629608642929
2026-05-15 09:01:27+00:00,1.0,1.0,0.985189897948619,0.985189897948619,0.0,0.0,0.0007562064428694029,0.7046109874227904,0.44736842105263186,0.2839024390243903,0.9341331329439205,0.9143372662636313
2026-05-15 09:01:27+00:00,1.0,1.0,0.9786446684254738,0.9786446684254738,0.0,0.0,0.0009981359910952265,0.017234578834544934,0.44736842105263186,0.3082926829268292,0.9341331329439205,0.9143372662636313
2026-05-15 09:01:28+00:00,1.0,1.0,0.9908278730692864,0.9908278730692864,0.0,0.0,0.00039076153393006725,0.7343987313951352,0.3421052631578947,0.975609756097561,0.8339548996053509,0.9395761619998657
2026-05-15 09:01:28+00:00,1.0,1.0,0.9920467948693088,0.9920467948693088,0.0,0.0,0.0005778743458149902,0.04404354840965574,0.3421052631578947,1.0,0.8339548996053509,0.9395761619998657
2026-05-15 09:01:29+00:00,1.0,1.0,0.9874334982766272,0.9874334982766272,0.0,0.0,0.00024157699516326708,0.757004264527211,0.6052631578947372,0.016585365853658496,0.8703489035975364,0.9377319413480294
2026-05-15 09:01:29+00:00,1.0,1.0,0.9760721377937716,0.9760721377937716,0.0,0.0,0.0004063121262331686,0.06438852822852503,0.6052631578947372,0.04097560975609754,0.8703489035975364,0.9377319413480294
2026-05-15 09:01:30+00:00,1.0,1.0,0.9759932695498016,0.9759932695498016,0.0,0.0,0.00021852128414877943,0.7416892637704695,0.6052631578947372,0.6585365853658537,1.0,0.9495282075101028
2026-05-15 09:01:30+00:00,1.0,1.0,0.9908439438645548,0.9908439438645548,0.0,0.0,0.0003797980585665085,0.05060502754745677,0.6052631578947372,0.6829268292682926,1.0,0.9495282075101028
2026-05-15 09:01:31+00:00,1.0,1.0,0.994123735785468,0.994123735785468,0.0,0.0,0.00018704094885311367,0.7825762339917981,0.7105263157894735,0.6175609756097561,0.9527070322086105,0.9083554457829908
2026-05-15 09:01:31+00:00,1.0,1.0,0.9958215720497768,0.9958215720497768,0.0,0.0,0.00034359567297649683,0.08740330074665437,0.7105263157894735,0.6419512195121951,0.9527070322086105,0.9083554457829908
2026-05-15 09:01:32+00:00,1.0,1.0,0.991462213888474,0.991462213888474,0.0,0.0,0.00014209861049723751,0.8186209809411329,0.6052631578947372,0.05756097560975604,0.8875139060188355,0.8908479762349979
2026-05-15 09:01:32+00:00,1.0,1.0,0.9739630851190464,0.9739630851190464,0.0,0.0,0.0002919119838672386,0.11984357300105408,0.6052631578947372,0.08195121951219508,0.8875139060188355,0.8908479762349979
2026-05-15 09:01:33+00:00,1.0,1.0,0.9921695201174662,0.9921695201174662,0.0,0.0,0.000131975795741098,0.7169594206229206,0.5263157894736841,0.975609756097561,0.8633503378090963,0.909367005189673
2026-05-15 09:01:33+00:00,1.0,1.0,0.9884313922162576,0.9884313922162576,0.0,0.0,0.000280270746897676,0.02834816871466117,0.5263157894736841,1.0,0.8633503378090963,0.909367005189673
2026-05-15 09:01:34+00:00,1.0,1.0,0.9739317325467194,0.9739317325467194,0.0,0.0,0.00019529095983356157,0.8316576592888243,0.5263157894736841,0.24292682926829268,0.944582836430201,0.8227162029921329
2026-05-15 09:01:34+00:00,1.0,1.0,0.972852872446898,0.972852872446898,0.0,0.0,0.0003530831856040092,0.1315765835139766,0.5263157894736841,0.2673170731707317,0.944582836430201,0.8227162029921329
2026-05-15 09:01:35+00:00,1.0,1.0,0.9737126141095104,0.9737126141095104,0.0,0.0,7.042031907530456e-05,0.7312173560981812,0.7368421052631575,0.4321951219512195,0.14196526269340873,0.8356642097203535
2026-05-15 09:01:35+00:00,1.0,1.0,0.9917714688481428,0.9917714688481428,0.0,0.0,0.0002094819487320135,0.041180310642399576,0.7368421052631575,0.45658536585365855,0.14196526269340873,0.8356642097203535
2026-05-15 09:01:36+00:00,1.0,1.0,0.9978268765301952,0.9978268765301952,0.0,0.0,0.00010569047568599588,0.8264014302460616,0.6842105263157894,0.8439024390243902,0.07105678493889273,0.8423700851488671
2026-05-15 09:01:36+00:00,1.0,1.0,0.9725347965647057,0.9725347965647057,0.0,0.0,0.00025004262883430984,0.1268459773754902,0.6842105263157894,0.8682926829268293,0.07105678493889273,0.8423700851488671
2026-05-15 09:01:37+00:00,1.0,1.0,0.9819273458147482,0.9819273458147482,0.0,0.0,6.504537476891459e-05,0.8732434195451422,0.47368421052631593,0.0,0.028501568771957184,0.8599120485054776
2026-05-15 09:01:37+00:00,1.0,1.0,0.9980781946810188,0.9980781946810188,0.0,0.0,0.00020330076277966572,0.1690037677446643,0.47368421052631593,0.02439024390243899,0.028501568771957184,0.8599120485054776
2026-05-15 09:01:38+00:00,1.0,0.8848,0.9790284607534282,0.8662443820746333,0.288,0.0,0.008696983364211845,0.9204710693314588,0.44736842105263186,0.806829268292683,0.16325242199617546,0.935211733410573
2026-05-15 09:01:38+00:00,1.0,0.8848,0.974122237901134,0.8619033560949234,0.288,0.0,0.010130029450639037,0.21150865255235018,0.44736842105263186,0.831219512195122,0.16325242199617546,0.935211733410573
2026-05-15 09:01:39+00:00,1.0,0.6,0.984657521360546,0.5907945128163276,1.0,0.0,6.780573520291406e-05,1.0,0.8684210526315788,0.4692682926829268,0.1369413808508986,0.8648583478563923
2026-05-15 09:01:39+00:00,1.0,0.6,0.9987664073772724,0.5992598444263634,1.0,0.0,0.00020647517727876645,0.2830846901540349,0.8684210526315788,0.49365853658536585,0.1369413808508986,0.8648583478563923
2026-05-15 09:01:40+00:00,1.0,0.7896,0.9898859263829074,0.7816139274719437,0.526,0.0,5.688010569971475e-05,0.8539975909226536,0.5263157894736841,0.20585365853658533,0.09461639145266698,0.8932808016710854
2026-05-15 09:01:40+00:00,1.0,0.7896,0.9940265252825528,0.7848833443631037,0.526,0.0,0.0001939107033500858,0.15168252198442644,0.5263157894736841,0.23024390243902437,0.09461639145266698,0.8932808016710854
2026-05-15 09:01:41+00:00,1.0,1.0,0.9986686977114092,0.9986686977114092,0.0,0.0,4.5942103186267244e-05,0.8072706537267411,0.8947368421052628,0.975609756097561,0.02165098945929063,0.9836924688497035
2026-05-15 09:01:41+00:00,1.0,1.0,0.9878104601339904,0.9878104601339904,0.0,0.0,0.0001813320004596207,0.10962827850810175,0.8947368421052628,1.0,0.02165098945929063,0.9836924688497035
2026-05-15 09:01:42+00:00,1.0,1.0,0.9785933868064616,0.9785933868064616,0.0,0.0,5.680500710416019e-05,0.8128688607042935,0.8421052631578947,0.09463414634146339,0.08437636922211514,0.8944611392136042
2026-05-15 09:01:42+00:00,1.0,1.0,0.9934787231388864,0.9934787231388864,0.0,0.0,0.0001938243399651978,0.11466666478790088,0.8421052631578947,0.11902439024390243,0.08437636922211514,0.8944611392136042
2026-05-15 09:01:43+00:00,1.0,1.0,0.9977442528793607,0.9977442528793607,0.0,0.0,4.8880812511797054e-05,0.8474567462522362,0.7894736842105265,0.5804878048780487,0.16836315709069527,0.9534160521887252
2026-05-15 09:01:43+00:00,1.0,1.0,0.9938534451694926,0.9938534451694926,0.0,0.0,0.0001847115161839832,0.1457957617810477,0.7894736842105265,0.6048780487804878,0.16836315709069527,0.9534160521887252
2026-05-15 09:01:44+00:00,1.0,1.0,0.9707457847415876,0.9707457847415876,0.0,0.0,0.014721292035036575,0.800918251032007,0.4210526315789478,0.6956097560975609,0.1138205871351049,0.8633416709507475
2026-05-15 09:01:44+00:00,1.0,1.0,0.99838081188452,0.99838081188452,0.0,0.0,0.017057984422087474,0.10391111608284209,0.4210526315789478,0.72,0.1138205871351049,0.8633416709507475
2026-05-15 09:01:45+00:00,1.0,1.0,0.9866559412698048,0.9866559412698048,0.0,0.0,0.014591522034476261,0.808807695798742,0.5789473684210522,0.0,0.04960623566499397,0.9025907098837804
2026-05-15 09:01:45+00:00,1.0,1.0,0.9776015006151756,0.9776015006151756,0.0,0.0,0.016908748921443114,0.11101161637290335,0.5789473684210522,0.02439024390243899,0.04960623566499397,0.9025907098837804
2026-05-15 09:01:46+00:00,1.0,1.0,0.9890192533504324,0.9890192533504324,0.0,0.0,2.367472467094099e-05,0.7729451988339662,0.6842105263157894,0.9551219512195122,0.08973963574668911,0.8624574722070966
2026-05-15 09:01:46+00:00,1.0,1.0,0.9877022768607492,0.9877022768607492,0.0,0.0,0.0001557245151669963,0.07873536910460643,0.6842105263157894,0.9795121951219512,0.08973963574668911,0.8624574722070966
2026-05-15 09:01:47+00:00,1.0,0.6592,0.9731769221125226,0.6415182270565749,0.852,0.0,5.0217405067687695e-05,0.724930388984383,0.4210526315789478,0.3209756097560975,0.13054065157319347,0.8953898875472308
2026-05-15 09:01:47+00:00,1.0,0.6592,0.972851475926932,0.6413036929310336,0.852,0.0,0.00018624859762325565,0.035522040239978736,0.4210526315789478,0.34536585365853656,0.13054065157319347,0.8953898875472308
2026-05-15 09:01:48+00:00,1.0,0.6152,0.9742101879119174,0.5993341076034115,0.962,0.0,2.6656423914327046e-05,0.7121045424788548,0.44736842105263186,0.3541463414634146,0.12545823068965228,0.9589565900579242
2026-05-15 09:01:48+00:00,1.0,0.6152,0.9884849710007236,0.6081159541596451,0.962,0.0,0.0001591534692968892,0.023978778385006727,0.44736842105263186,0.37853658536585366,0.12545823068965228,0.9589565900579242
2026-05-15 09:01:49+00:00,1.0,1.0,0.9825734295794892,0.9825734295794892,0.0,0.0,0.00011163084072560007,0.8192664599465944,0.3421052631578947,0.9219512195121952,0.03216598881410516,0.8205609510146186
2026-05-15 09:01:49+00:00,1.0,1.0,0.9751387391227836,0.9751387391227836,0.0,0.0,0.0002568740486298557,0.12042450410597105,0.3421052631578947,0.9463414634146341,0.03216598881410516,0.8205609510146186
2026-05-15 09:01:50+00:00,1.0,1.0,0.9989869573642954,0.9989869573642954,0.0,0.0,3.337470731618346e-05,0.7471574926685189,0.5526315789473681,0.0,0.017271378267218883,0.9370793431798004
2026-05-15 09:01:50+00:00,1.0,1.0,0.9869485183441732,0.9869485183441732,0.0,0.0,0.00016687949520902362,0.055526433555704635,0.5526315789473681,0.02439024390243899,0.017271378267218883,0.9370793431798004
2026-05-15 09:01:51+00:00,1.0,1.0,0.9878812765970312,0.9878812765970312,0.0,0.0,2.145881958819985e-05,0.7797233986390273,0.7368421052631575,0.728780487804878,0.1747558263026092,0.9264778225497912
2026-05-15 09:01:51+00:00,1.0,1.0,0.9871729154210156,0.9871729154210156,0.0,0.0,0.0001531762243218406,0.08483574892916046,0.7368421052631575,0.7531707317073171,0.1747558263026092,0.9264778225497912
2026-05-15 09:01:52+00:00,1.0,0.6776,0.9979906966480064,0.676238496048689,0.806,0.0,3.0966890352991314e-05,0.792873054984164,0.47368421052631593,0.5473170731707317,0.13533175992408214,0.8816390420584272
2026-05-15 09:01:52+00:00,1.0,0.6776,0.9839795545894368,0.6667445461898023,0.806,0.0,0.00016411050570135555,0.09667043963978195,0.47368421052631593,0.5717073170731707,0.13533175992408214,0.8816390420584272
2026-05-15 09:01:53+00:00,1.0,0.6,0.9941308274683892,0.5964784964810335,1.0,0.0,2.553872124723053e-05,0.8028730839045908,0.5526315789473681,0.1278048780487805,0.07873024292767036,0.8357210538212045
2026-05-15 09:01:53+00:00,1.0,0.6,0.9856789532653936,0.5914073719592362,1.0,0.0,0.00015786811122972956,0.10567046566816884,0.5526315789473681,0.15219512195121948,0.07873024292767036,0.8357210538212045
2026-05-15 09:01:54+00:00,1.0,0.9968,0.9840214480466588,0.9808725794129094,0.008,0.0,3.461554846335318e-05,0.8203624372844693,0.6315789473684212,0.975609756097561,0.031582361145673886,0.9175516244051571
2026-05-15 09:01:54+00:00,1.0,0.9968,0.9929177017001976,0.989740365054757,0.008,0.0,0.00016830646252827123,0.12141088371005804,0.6315789473684212,1.0,0.031582361145673886,0.9175516244051571
2026-05-15 09:01:55+00:00,1.0,1.0,0.9935429034775656,0.9935429034775656,0.0,0.0,3.767227367507033e-05,0.803943682108847,0.5526315789473681,0.17268292682926828,0.10722756636563766,0.8851240792260653
2026-05-15 09:01:55+00:00,1.0,1.0,0.993977341495362,0.993977341495362,0.0,0.0,0.00017182169652174442,0.10663400405199663,0.5526315789473681,0.19707317073170733,0.10722756636563766,0.8851240792260653
2026-05-15 09:01:56+00:00,1.0,1.0,0.9705351035193096,0.9705351035193096,0.0,0.0,1.624459725506496e-05,0.7159518762361534,0.47368421052631593,0.5024390243902439,0.15469161885974303,0.926205120470432
2026-05-15 09:01:56+00:00,1.0,1.0,0.9847645964672628,0.9847645964672628,0.0,0.0,0.00014717986863873927,0.02744137876657149,0.47368421052631593,0.526829268292683,0.15469161885974303,0.926205120470432
2026-05-15 09:01:57+00:00,1.0,1.0,0.973274319902972,0.973274319902972,0.0,0.0,2.2593601985887034e-05,0.7509176904500752,0.44736842105263186,0.7736585365853659,0.0955264822907115,0.9148416655830778
2026-05-15 09:01:57+00:00,1.0,1.0,0.9879878032456784,0.9879878032456784,0.0,0.0,0.00015448122407918472,0.05891061155910471,0.44736842105263186,0.7980487804878049,0.0955264822907115,0.9148416655830778
2026-05-15 09:01:58+00:00,1.0,1.0,0.994882858446482,0.994882858446482,0.0,0.0,2.87069506097079e-05,0.8290218106157514,0.8947368421052628,0.0,0.03999670124632445,1.0
2026-05-15 09:01:58+00:00,1.0,1.0,0.997937087070703,0.997937087070703,0.0,0.0,0.00016151157499657784,0.12920431970821245,0.8947368421052628,0.02439024390243899,0.03999670124632445,1.0
2026-05-15 09:01:59+00:00,1.0,1.0,0.9939045126497548,0.9939045126497548,0.0,0.0,2.7835242849869263e-05,0.7968678779931766,0.6578947368421053,0.8770731707317073,0.14042693876092427,0.9007625198604672
2026-05-15 09:01:59+00:00,1.0,1.0,0.9735920076550336,0.9735920076550336,0.0,0.0,0.00016050911107276424,0.10026578034789502,0.6578947368421053,0.9014634146341464,0.14042693876092427,0.9007625198604672
